{
    "metrics": {
        "http_req_duration": {
            "avg": 1.3834507841093353,
            "min": 0.141861,
            "med": 0.8775405000000001,
            "max": 31.714967,
            "p(90)": 2.08792,
            "p(95)": 4.5782002500000045,
            "thresholds": {
                "p(95)<500": false
            }
        },
        "data_sent": {
            "count": 1600764,
            "rate": 29071.44240419922
        },
        "http_req_waiting": {
            "p(90)": 2.0560451,
            "p(95)": 4.54449205,
            "avg": 1.360929562890896,
            "min": 0.136568,
            "med": 0.8556535000000001,
            "max": 31.609122
        },
        "iteration_duration": {
            "avg": 520.9754638876227,
            "min": 506.79308,
            "med": 517.7447884999999,
            "max": 585.440988,
            "p(90)": 534.1367650999999,
            "p(95)": 546.63792425
        },
        "http_req_tls_handshaking": {
            "min": 0,
            "med": 0,
            "max": 0,
            "p(90)": 0,
            "p(95)": 0,
            "avg": 0
        },
        "http_req_connecting": {
            "avg": 0.00008664801945795692,
            "min": 0,
            "med": 0,
            "max": 0.088793,
            "p(90)": 0,
            "p(95)": 0
        },
        "vus_max": {
            "value": 10,
            "min": 10,
            "max": 10
        },
        "http_reqs": {
            "count": 8634,
            "rate": 156.80189816728517
        },
        "http_req_duration{expected_response:true}": {
            "max": 31.714967,
            "p(90)": 2.090551,
            "p(95)": 4.588703,
            "avg": 1.3843677713056624,
            "min": 0.141861,
            "med": 0.876041
        },
        "iterations": {
            "count": 614,
            "rate": 11.150841495797208
        },
        "http_req_failed": {
            "passes": 33,
            "fails": 8601,
            "thresholds": {
                "rate<0.01": false
            },
            "value": 0.003822098679638638
        },
        "http_req_sending": {
            "p(90)": 0.0077198,
            "p(95)": 0.01071235,
            "avg": 0.005284170836228846,
            "min": 0.001089,
            "med": 0.004656,
            "max": 0.181348
        },
        "checks": {
            "passes": 8601,
            "fails": 33,
            "value": 0.9961779013203613
        },
        "vus": {
            "value": 1,
            "min": 1,
            "max": 10
        },
        "http_req_blocked": {
            "avg": 0.00164587016446606,
            "min": 0.000363,
            "med": 0.0014065,
            "max": 0.170725,
            "p(90)": 0.002098,
            "p(95)": 0.002735050000000001
        },
        "http_req_receiving": {
            "p(95)": 0.03164585,
            "avg": 0.017237050382209886,
            "min": 0.003143,
            "med": 0.0158535,
            "max": 0.267902,
            "p(90)": 0.0248151
        },
        "group_duration": {
            "med": 3.190416,
            "max": 37.955599,
            "p(90)": 11.351844499999999,
            "p(95)": 16.30275025,
            "avg": 5.1133864474755715,
            "min": 0.697902
        },
        "data_received": {
            "count": 34337094,
            "rate": 623595.2648538913
        }
    },
    "setup_data": {
        "consumers": [
            {
                "id": "88a4e163-d925-42a7-b258-2624773314c4",
                "name": "consumer-1-1771533227010"
            },
            {
                "name": "consumer-2-1771533227011",
                "id": "9da5238a-47d2-4fda-807f-17d340bd7105"
            },
            {
                "name": "consumer-0-1771533227005",
                "id": "d5282e51-4074-468d-a021-f81b4821285f"
            }
        ],
        "containers": [
            {
                "id": "6a529300-6e10-4d51-9983-fe7c54645920",
                "name": "container-1-1771533227002"
            },
            {
                "id": "b06e3068-8af1-4189-ae11-2baff31328df",
                "name": "container-0-1771533226997"
            },
            {
                "name": "container-2-1771533227003",
                "id": "4f3abbf6-d59c-4cd2-8c2e-6151c2b43e2f"
            }
        ],
        "coops": [
            {
                "id": "02d9b4d4-8675-4bb3-bde2-396ee619b696",
                "name": "coop-2-1771533226978"
            },
            {
                "id": "430f857a-aa4d-4501-9b95-8ec5fe225950",
                "name": "coop-3-1771533226979"
            },
            {
                "id": "53f59ed6-296c-4938-9ab2-bf6f84928d45",
                "name": "coop-1-1771533226977"
            },
            {
                "id": "9e5060d9-eccd-449e-9407-2458a712815f",
                "name": "coop-4-1771533226979"
            },
            {
                "id": "cedad4c4-0980-4fc1-96e3-4a274179784f",
                "name": "coop-5-1771533226980"
            },
            {
                "id": "f59c4c0e-f9fd-46d0-b4ef-16d136e8749a",
                "name": "coop-0-1771533226972"
            }
        ],
        "farms": [
            {
                "id": "9513ec92-5716-4264-9cdf-3247ca9a9918",
                "name": "farm-2-1771533226970"
            },
            {
                "id": "a9f94f4f-350a-42ed-b917-ac79f4f79bd3",
                "name": "farm-0-1771533226963"
            },
            {
                "id": "7c99c58d-23a5-40ba-913f-34a9c4cba682",
                "name": "farm-1-1771533226969"
            }
        ],
        "hens": [
            {
                "id": "15601331-31f2-4598-8b16-894d764149c1",
                "name": "hen-5-1771533226988"
            },
            {
                "id": "275204c5-996e-4f18-93d1-b94b146461dc",
                "name": "hen-1-1771533226985"
            },
            {
                "name": "hen-10-1771533226993",
                "id": "c853e39d-8183-44c0-8177-0b2d4d228370"
            },
            {
                "id": "0f486f03-1d44-4c0c-9613-f0492a1440f6",
                "name": "hen-11-1771533226994"
            },
            {
                "id": "7e04e7bb-47ee-410b-ae78-8c676e76162f",
                "name": "hen-2-1771533226986"
            },
            {
                "id": "c7ab21bd-68c5-4c58-bbbe-adc34ab76c5e",
                "name": "hen-9-1771533226992"
            },
            {
                "id": "807d4164-2fcb-4b9a-bb05-b7955c5a1752",
                "name": "hen-12-1771533226994"
            },
            {
                "id": "6fcf0f0f-89e8-4f9c-9aff-c746e1260da3",
                "name": "hen-13-1771533226995"
            },
            {
                "name": "hen-7-1771533226990",
                "id": "8de87c83-3e5e-4bc2-a494-8984e2e049d5"
            },
            {
                "id": "c354b62e-b643-4f51-8304-599df027f2e4",
                "name": "hen-8-1771533226991"
            },
            {
                "id": "2dee9cea-e215-4f25-8fa2-09b566ead6f8",
                "name": "hen-0-1771533226981"
            },
            {
                "name": "hen-6-1771533226989",
                "id": "becab393-5985-48b3-af55-ec84112b0a95"
            },
            {
                "id": "360a3c43-2e63-4375-832a-b7e5303dc946",
                "name": "hen-14-1771533226995"
            },
            {
                "name": "hen-15-1771533226995",
                "id": "ab56b3eb-106f-469b-810b-d162132dd308"
            },
            {
                "name": "hen-16-1771533226996",
                "id": "1696dccf-61f8-439c-91e7-e44f4d028bf6"
            },
            {
                "id": "d9104638-414a-41f6-9e1f-6b05f3b6cdac",
                "name": "hen-4-1771533226987"
            },
            {
                "id": "e7071d48-0844-461f-b98f-2fc47c28b563",